title,outline
"""What is Multimodal AI? A Comprehensive Guide to Integrating Multiple Data Types""","## URL Slug Suggestion:
`what-is-multimodal-ai-a-comprehensive-guide`

## Outline for ""What is Multimodal AI? A Comprehensive Guide to Integrating Multiple Data Types""

### 1. **Introduction**
   - **Word Count:** 150-200
   - **H2 Heading:** What is Multimodal AI?
   - **Content Coverage:**
     - Brief definition of multimodal AI
     - Importance of integrating multiple data types
     - Overview of the guide
   - **Keyword Placement:** ""multimodal AI,"" ""integrating multiple data types""
   - **Link Opportunities:** None
   - **Examples and Case Studies:** None

### 2. **History and Origin of Multimodal AI**
   - **Word Count:** 200-300
   - **H2 Heading:** The Evolution of Multimodal AI
   - **H3 Headings:**
     - Early Developments in AI
     - Transition to Multimodal AI
     - Key Milestones and Innovations
   - **Content Coverage:**
     - Historical context of AI development
     - Introduction of multimodal capabilities
     - Significant advancements and models (e.g., OpenAI's DALL-E, GPT-4)
   - **Keyword Placement:** ""history of multimodal AI,"" ""evolution of AI""
   - **Link Opportunities:** References to historical AI models and innovations
   - **Examples and Case Studies:** Mention OpenAI's transition from unimodal to multimodal AI[2].

### 3. **Key Concepts in Multimodal AI**
   - **Word Count:** 300-400
   - **H2 Heading:** Understanding Multimodal AI
   - **H3 Headings:**
     - Definition and Modalities
     - Architecture and Frameworks
     - Training and Integration
   - **Content Coverage:**
     - Detailed definition of multimodal AI
     - Types of data modalities (text, images, audio, video)
     - Architectural components and neural networks involved
     - How different modalities are integrated and processed
   - **Keyword Placement:** ""multimodal AI definition,"" ""data modalities,"" ""neural networks""
   - **Link Opportunities:** Internal links to sections on applications and advantages; external links to technical resources[1][3][5].
   - **Examples and Case Studies:** Explain how different modalities are used together (e.g., analyzing a photo and generating text)[2].

### 4. **Applications and Use Cases of Multimodal AI**
   - **Word Count:** 400-500
   - **H2 Heading:** Practical Applications of Multimodal AI
   - **H3 Headings:**
     - Customer Service and Chatbots
     - Advanced Security Systems
     - Social Media Monitoring
     - Healthcare and Medical Imaging
   - **Content Coverage:**
     - Various industries and scenarios where multimodal AI is applied
     - Examples of customer service chatbots using text and voice inputs
     - Use in security systems for comprehensive threat analysis
     - Applications in social media monitoring and healthcare
   - **Keyword Placement:** ""applications of multimodal AI,"" ""customer service AI,"" ""security systems AI""
   - **Link Opportunities:** Internal links to sections on advantages and limitations; external links to industry-specific case studies[3][5].
   - **Examples and Case Studies:** Detailed examples of multimodal AI in customer service, security, and healthcare.

### 5. **Advantages and Limitations of Multimodal AI**
   - **Word Count:** 300-400
   - **H2 Heading:** Benefits and Challenges of Multimodal AI
   - **H3 Headings:**
     - Enhanced Context Understanding
     - Robust Outputs and Decisions
     - Complexity and Integration Challenges
     - Ethical and Bias Concerns
   - **Content Coverage:**
     - Advantages of multimodal AI over unimodal AI
     - Enhanced context understanding and richer insights
     - Challenges in integrating multiple data types
     - Ethical considerations and potential biases
   - **Keyword Placement:** ""advantages of multimodal AI,"" ""limitations of multimodal AI""
   - **Link Opportunities:** Internal links to sections on key concepts and applications; external links to research on ethical AI[1][3][5].
   - **Examples and Case Studies:** Discuss the enhanced capabilities and challenges faced in real-world scenarios.

### 6. **Related Topics and Future Developments**
   - **Word Count:** 200-300
   - **H2 Heading:** Related AI Technologies and Future Trends
   - **H3 Headings:**
     - Generative AI and Its Relation to Multimodal AI
     - Cross-Modal Learning
     - Future Trends and Predictions
   - **Content Coverage:**
     - Connection between generative AI and multimodal AI
     - Cross-modal learning and its significance
     - Potential future developments and trends in multimodal AI
   - **Keyword Placement:** ""generative AI,"" ""cross-modal learning,"" ""future of multimodal AI""
   - **Link Opportunities:** Internal links to sections on history and applications; external links to research papers on future trends[2][3].
   - **Examples and Case Studies:** Mention ongoing research and innovations.

### 7. **FAQs About Multimodal AI**
   - **Word Count:** 150-200
   - **H2 Heading:** Frequently Asked Questions About Multimodal AI
   - **Questions:**
     - What is the difference between multimodal and unimodal AI?
     - How does multimodal AI process different data types?
     - What are some common applications of multimodal AI?
     - What are the main challenges in implementing multimodal AI?
     - How does multimodal AI handle ethical and bias issues?
     - Can multimodal AI be used in real-time applications?
     - How does multimodal AI compare to traditional machine learning models?
   - **Keyword Placement:** ""multimodal AI FAQs,"" ""difference between multimodal and unimodal AI""
   - **Link Opportunities:** Internal links to relevant sections in the guide.
   - **Examples and Case Studies:** None

### 8. **References & External Links**
   - **Word Count:** N/A
   - **H2 Heading:** Additional Resources and References
   - **Content Coverage:**
     - List of sources used in the article
     - External links to further reading and research
   - **Keyword Placement:** None
   - **Link Opportunities:** External links to sources like SuperAnnotate, IBM, TechTarget[1][2][3].
   - **Examples and Case Studies:** None

This outline is structured to provide a comprehensive and authoritative guide on multimodal AI, adhering to Google's EEAT principles by showcasing expertise, experience, authoritativeness, and trustworthiness."
